/*CREATE TABLE employees (
    emp_no      INT             NOT NULL,
    birth_date  DATE            NOT NULL,
    first_name  VARCHAR(14)     NOT NULL,
    last_name   VARCHAR(16)     NOT NULL,
    gender       VARCHAR(1) NOT NULL,    
    hire_date   DATE            NOT NULL,
    PRIMARY KEY (emp_no)
);

CREATE TABLE departments (
    dept_no     CHAR(4)         NOT NULL,
    dept_name   VARCHAR(40)     NOT NULL,
    PRIMARY KEY (dept_no),
    UNIQUE  KEY (dept_name)
);

CREATE TABLE dept_manager (
   emp_no       INT             NOT NULL,
   dept_no      CHAR(4)         NOT NULL,
   from_date    DATE            NOT NULL,
   to_date      DATE            NOT NULL,
   FOREIGN KEY (emp_no)  REFERENCES employees (emp_no)    ON DELETE CASCADE,
   FOREIGN KEY (dept_no) REFERENCES departments (dept_no) ON DELETE CASCADE,
   PRIMARY KEY (emp_no,dept_no)
); 

CREATE TABLE dept_emp (
    emp_no      INT             NOT NULL,
    dept_no     CHAR(4)         NOT NULL,
    from_date   DATE            NOT NULL,
    to_date     DATE            NOT NULL,
    FOREIGN KEY (emp_no)  REFERENCES employees   (emp_no)  ON DELETE CASCADE,
    FOREIGN KEY (dept_no) REFERENCES departments (dept_no) ON DELETE CASCADE,
    PRIMARY KEY (emp_no,dept_no)
);

CREATE TABLE titles (
    emp_no      INT             NOT NULL,
    title       VARCHAR(50)     NOT NULL,
    from_date   DATE            NOT NULL,
    to_date     DATE,
    FOREIGN KEY (emp_no) REFERENCES employees (emp_no) ON DELETE CASCADE,
    PRIMARY KEY (emp_no,title, from_date)
); 

CREATE TABLE salaries (
    emp_no      INT             NOT NULL,
    salary      INT             NOT NULL,
    from_date   DATE            NOT NULL,
    to_date     DATE            NOT NULL,
    FOREIGN KEY (emp_no) REFERENCES employees (emp_no) ON DELETE CASCADE,
    PRIMARY KEY (emp_no, from_date)
); 

CREATE OR REPLACE VIEW dept_emp_latest_date AS
    SELECT emp_no, MAX(from_date) AS from_date, MAX(to_date) AS to_date
    FROM dept_emp
    GROUP BY emp_no;

CREATE OR REPLACE VIEW current_dept_emp AS
    SELECT l.emp_no, dept_no, l.from_date, l.to_date
    FROM dept_emp d
        INNER JOIN dept_emp_latest_date l
        ON d.emp_no=l.emp_no AND d.from_date=l.from_date AND l.to_date = d.to_date;

*/
/*
INSERT INTO EMPLOYEES VALUES (10001,'1953-09-02','Georgi','M','1986-06-26' ,'Facello');
INSERT INTO DEPARTMENTS VALUES ('d001','Marketing'),('d002','Finance'),('d003','Human Resources'),('d004','Production'),('d005','Development'),('d006','Quality Management'),('d007','Sales'),('d008','Research'),('d009','Customer Service');
INSERT INTO EMPLOYEES (EMP_NO,BIRTH_DATE,FIRST_NAME,LAST_NAME,GENDER,HIRE_DATE) VALUES (10002,'1964-06-02','Bezalel','Simmel','F','1985-11-21'),(10003,'1959-12-03','Parto','Bamford','M','1986-08-28'),(10004,'1954-05-01','Chirstian','Koblick','M','1986-12-01'),(10005,'1955-01-21','Kyoichi','Maliniak','M','1989-09-12'),(10006,'1953-04-20','Anneke','Preusig','F','1989-06-02'),(10007,'1957-05-23','Tzvetan','Zielinski','F','1989-02-10'),(10008,'1958-02-19','Saniya','Kalloufi','M','1994-09-15'),(10009,'1952-04-19','Sumant','Peac','F','1985-02-18'),(10010,'1963-06-01','Duangkaew','Piveteau','F','1989-08-24'),(10011,'1953-11-07','Mary','Sluis','F','1990-01-22'),(10012,'1960-10-04','Patricio','Bridgland','M','1992-12-18'),(10013,'1963-06-07','Eberhardt','Terkki','M','1985-10-20'),(10014,'1956-02-12','Berni','Genin','M','1987-03-11'),(10015,'1959-08-19','Guoxiang','Nooteboom','M','1987-07-02'),(10016,'1961-05-02','Kazuhito','Cappelletti','M','1995-01-27'),(10017,'1958-07-06','Cristinel','Bouloucos','F','1993-08-03'),(10018,'1954-06-19','Kazuhide','Peha','F','1987-04-03'),(10019,'1953-01-23','Lillian','Haddadi','M','1999-04-30'),(10020,'1952-12-24','Mayuko','Warwick','M','1991-01-26'),(10021,'1960-02-20','Ramzi','Erde','M','1988-02-10'),(10022,'1952-07-08','Shahaf','Famili','M','1995-08-22'),(10023,'1953-09-29','Bojan','Montemayor','F','1989-12-17'),(10024,'1958-09-05','Suzette','Pettey','F','1997-05-19'),(10025,'1958-10-31','Prasadram','Heyers','M','1987-08-17'),(10026,'1953-04-03','Yongqiao','Berztiss','M','1995-03-20'),(10027,'1962-07-10','Divier','Reistad','F','1989-07-07'),(10028,'1963-11-26','Domenick','Tempesti','M','1991-10-22'),(10029,'1956-12-13','Otmar','Herbst','M','1985-11-20'),(10030,'1958-07-14','Elvis','Demeyer','M','1994-02-17'),(10031,'1959-01-27','Karsten','Joslin','M','1991-09-01'),(10032,'1960-08-09','Jeong','Reistad','F','1990-06-20'),(10033,'1956-11-14','Arif','Merlo','M','1987-03-18'),(10034,'1962-12-29','Bader','Swan','M','1988-09-21'),(10035,'1953-02-08','Alain','Chappelet','M','1988-09-05'),(10036,'1959-08-10','Adamantios','Portugali','M','1992-01-03'),(10037,'1963-07-22','Pradeep','Makrucki','M','1990-12-05'),(10038,'1960-07-20','Huan','Lortz','M','1989-09-20'),(10039,'1959-10-01','Alejandro','Brender','M','1988-01-19'),(10040,'1959-09-13','Weiyi','Meriste','F','1993-02-14'),(10041,'1959-08-27','Uri','Lenart','F','1989-11-12'),(10042,'1956-02-26','Magy','Stamatiou','F','1993-03-21'),(10043,'1960-09-19','Yishay','Tzvieli','M','1990-10-20'),(10044,'1961-09-21','Mingsen','Casley','F','1994-05-21'),(10045,'1957-08-14','Moss','Shanbhogue','M','1989-09-02'),(10046,'1960-07-23','Lucien','Rosenbaum','M','1992-06-20'),(10047,'1952-06-29','Zvonko','Nyanchama','M','1989-03-31'),(10048,'1963-07-11','Florian','Syrotiuk','M','1985-02-24'),(10049,'1961-04-24','Basil','Tramer','F','1992-05-04'),(10050,'1958-05-21','Yinghua','Dredge','M','1990-12-25'),(10051,'1953-07-28','Hidefumi','Caine','M','1992-10-15'),(10052,'1961-02-26','Heping','Nitsch','M','1988-05-21'),(10053,'1954-09-13','Sanjiv','Zschoche','F','1986-02-04'),(10054,'1957-04-04','Mayumi','Schueller','M','1995-03-13'),(10055,'1956-06-06','Georgy','Dredge','M','1992-04-27'),(10056,'1961-09-01','Brendon','Bernini','F','1990-02-01'),(10057,'1954-05-30','Ebbe','Callaway','F','1992-01-15'),(10058,'1954-10-01','Berhard','McFarlin','M','1987-04-13'),(10059,'1953-09-19','Alejandro','McAlpine','F','1991-06-26'),(10060,'1961-10-15','Breannda','Billingsley','M','1987-11-02'),(10061,'1962-10-19','Tse','Herber','M','1985-09-17'),(10062,'1961-11-02','Anoosh','Peyn','M','1991-08-30'),(10063,'1952-08-06','Gino','Leonhardt','F','1989-04-08'),(10064,'1959-04-07','Udi','Jansch','M','1985-11-20'),(10065,'1963-04-14','Satosi','Awdeh','M','1988-05-18'),(10066,'1952-11-13','Kwee','Schusler','M','1986-02-26'),(10067,'1953-01-07','Claudi','Stavenow','M','1987-03-04'),(10068,'1962-11-26','Charlene','Brattka','M','1987-08-07'),(10069,'1960-09-06','Margareta','Bierman','F','1989-11-05'),(10070,'1955-08-20','Reuven','Garigliano','M','1985-10-14'),(10071,'1958-01-21','Hisao','Lipner','M','1987-10-01'),(10072,'1952-05-15','Hironoby','Sidou','F','1988-07-21'),(10073,'1954-02-23','Shir','McClurg','M','1991-12-01'),(10074,'1955-08-28','Mokhtar','Bernatsky','F','1990-08-13'),(10075,'1960-03-09','Gao','Dolinsky','F','1987-03-19'),(10076,'1952-06-13','Erez','Ritzmann','F','1985-07-09'),(10077,'1964-04-18','Mona','Azuma','M','1990-03-02'),(10078,'1959-12-25','Danel','Mondadori','F','1987-05-26'),(10079,'1961-10-05','Kshitij','Gils','F','1986-03-27'),(10080,'1957-12-03','Premal','Baek','M','1985-11-19'),(10081,'1960-12-17','Zhongwei','Rosen','M','1986-10-30'),(10082,'1963-09-09','Parviz','Lortz','M','1990-01-03'),(10083,'1959-07-23','Vishv','Zockler','M','1987-03-31'),(10084,'1960-05-25','Tuval','Kalloufi','M','1995-12-15'),(10085,'1962-11-07','Kenroku','Malabarba','M','1994-04-09'),(10086,'1962-11-19','Somnath','Foote','M','1990-02-16'),(10087,'1959-07-23','Xinglin','Eugenio','F','1986-09-08'),(10088,'1954-02-25','Jungsoon','Syrzycki','F','1988-09-02'),(10089,'1963-03-21','Sudharsan','Flasterstein','F','1986-08-12'),(10090,'1961-05-30','Kendra','Hofting','M','1986-03-14'),(10091,'1955-10-04','Amabile','Gomatam','M','1992-11-18'),(10092,'1964-10-18','Valdiodio','Niizuma','F','1989-09-22'),(10093,'1964-06-11','Sailaja','Desikan','M','1996-11-05'),(10094,'1957-05-25','Arumugam','Ossenbruggen','F','1987-04-18'),(10095,'1965-01-03','Hilari','Morton','M','1986-07-15'),(10096,'1954-09-16','Jayson','Mandell','M','1990-01-14'),(10097,'1952-02-27','Remzi','Waschkowski','M','1990-09-15'),(10098,'1961-09-23','Sreekrishna','Servieres','F','1985-05-13'),(10099,'1956-05-25','Valter','Sullins','F','1988-10-18'),(10100,'1953-04-21','Hironobu','Haraldson','F','1987-09-21'),(10101,'1952-04-15','Perla','Heyers','F','1992-12-28'),(10102,'1959-11-04','Paraskevi','Luby','F','1994-01-26'),(10103,'1953-11-26','Akemi','Birch','M','1986-12-02'),(10104,'1961-11-19','Xinyu','Warwick','M','1987-04-16'),(10105,'1962-02-05','Hironoby','Piveteau','M','1999-03-23'),(10106,'1952-08-29','Eben','Aingworth','M','1990-12-19'),(10107,'1956-06-13','Dung','Baca','F','1994-03-22'),(10108,'1952-04-07','Lunjin','Giveon','M','1986-10-02'),(10109,'1958-11-25','Mariusz','Prampolini','F','1993-06-16'),(10110,'1957-03-07','Xuejia','Ullian','F','1986-08-22'),(10111,'1963-08-29','Hugo','Rosis','F','1988-06-19'),(10112,'1963-08-13','Yuichiro','Swick','F','1985-10-08'),(10113,'1963-11-13','Jaewon','Syrzycki','M','1989-12-24'),(10114,'1957-02-16','Munir','Demeyer','F','1992-07-17'),(10115,'1964-12-25','Chikara','Rissland','M','1986-01-23'),(10116,'1955-08-26','Dayanand','Czap','F','1985-05-28'),(10117,'1961-10-24','Kiyotoshi','Blokdijk','F','1990-05-28'),(10118,'1957-03-29','Zhonghui','Zyda','F','1990-09-13'),(10119,'1960-12-01','Domenick','Peltason','M','1986-03-14'),(10120,'1960-03-26','Armond','Fairtlough','F','1996-07-06'),(10121,'1962-07-14','Guoxiang','Ramsay','M','1989-05-03'),(10122,'1965-01-19','Ohad','Esposito','M','1992-12-23'),(10123,'1962-05-12','Hinrich','Randi','M','1993-01-15'),(10124,'1962-05-23','Geraldo','Marwedel','M','1991-09-05'),(10125,'1957-09-13','Syozo','Hiltgen','F','1990-10-26'),(10126,'1954-08-07','Kayoko','Valtorta','M','1985-09-08'),(10127,'1952-02-24','Subir','Baja','F','1989-01-14'),(10128,'1958-02-15','Babette','Lamba','F','1988-06-06'),(10129,'1955-12-02','Armond','Peir','M','1985-12-10'),(10130,'1955-04-27','Nishit','Casperson','M','1988-06-21'),(10131,'1952-02-19','Magdalena','Eldridge','M','1994-11-17'),(10132,'1956-12-15','Ayakannu','Skrikant','M','1994-10-30'),(10133,'1963-12-12','Giri','Isaak','M','1985-12-15'),(10134,'1953-04-15','Diederik','Siprelle','M','1987-12-12'),(10135,'1956-12-23','Nathan','Monkewich','M','1988-02-19'),(10136,'1961-09-14','Zissis','Pintelas','M','1986-02-11'),(10137,'1959-07-30','Maren','Hutton','M','1985-02-18'),(10138,'1955-04-24','Perry','Shimshoni','M','1986-09-18'),(10139,'1963-03-03','Ewing','Foong','F','1998-03-15'),(10140,'1957-03-11','Yucel','Auria','F','1991-03-14'),(10141,'1960-01-17','Shahaf','Ishibashi','F','1993-05-06'),(10142,'1956-08-29','Tzvetan','Hettesheimer','M','1993-10-28'),(10143,'1961-07-16','Sakthirel','Bakhtari','M','1988-09-30'),(10144,'1959-06-17','Marla','Brendel','M','1985-10-14'),(10145,'1956-03-30','Akemi','Esposito','F','1987-08-01'),(10146,'1959-01-12','Chenyi','Syang','M','1988-06-28'),(10147,'1964-10-13','Kazuhito','Encarnacion','M','1986-08-21'),(10148,'1957-10-04','Douadi','Azumi','M','1995-10-10'),(10149,'1953-05-20','Xiadong','Perry','F','1986-11-05'),(10150,'1955-01-29','Zhenbing','Perng','F','1986-11-16'),(10151,'1959-03-06','Itzchak','Lichtner','M','1990-04-10'),(10152,'1954-12-01','Jaques','Munro','F','1986-01-27'),(10153,'1955-12-15','Heekeun','Majewski','M','1987-04-08'),(10154,'1957-01-17','Abdulah','Thibadeau','F','1990-12-12'),(10155,'1959-12-07','Adas','Nastansky','M','1990-01-05'),(10156,'1964-09-19','Sumali','Fargier','M','1985-03-10'),(10157,'1954-04-23','Nigel','Aloisi','M','1985-11-02'),(10158,'1958-04-01','Khedija','Mitsuhashi','M','1986-01-29'),(10159,'1955-03-03','Serif','Buescher','M','1991-05-29'),(10160,'1953-10-18','Debatosh','Khasidashvili','M','1989-01-30'),(10161,'1953-04-06','Hairong','Mellouli','F','1988-04-03'),(10162,'1957-10-05','Florina','Eugenio','M','1991-05-01'),(10163,'1952-09-17','Karsten','Szmurlo','M','1989-07-19'),(10164,'1956-01-19','Jagoda','Braunmuhl','M','1985-11-12'),(10165,'1960-06-16','Miyeon','Macedo','M','1988-05-17'),(10166,'1953-05-10','Samphel','Siegrist','F','1993-01-01'),(10167,'1958-05-23','Duangkaew','Rassart','M','1992-04-04'),(10168,'1964-09-11','Dharmaraja','Stassinopoulos','M','1986-12-06'),(10169,'1961-05-03','Sampalli','Snedden','F','1992-07-24'),(10170,'1960-10-03','Kasturi','Jenevein','F','1986-01-02'),(10171,'1957-09-11','Herbert','Trachtenberg','M','1989-07-22'),(10172,'1957-03-25','Shigeu','Matzen','F','1995-10-13'),(10173,'1962-10-28','Shrikanth','Mahmud','M','1992-03-21'),(10174,'1959-05-15','Badri','Furudate','M','1987-06-01'),(10175,'1960-01-11','Aleksandar','Ananiadou','F','1988-01-11'),(10176,'1957-01-24','Brendon','Lenart','F','1994-12-22'),(10177,'1954-11-08','Pragnesh','Iisaka','M','1993-02-06'),(10178,'1963-03-13','Valery','Litvinov','M','1986-10-07'),(10179,'1961-11-25','Deniz','Duclos','F','1990-10-04'),(10180,'1956-01-29','Shaw','Wendorf','M','1986-02-25'),(10181,'1963-01-22','Sibyl','Nooteboom','M','1988-06-22'),(10182,'1961-02-04','Moriyoshi','Merey','F','1990-09-02'),(10183,'1954-10-17','Mechthild','Bonifati','M','1996-08-11'),(10184,'1957-05-22','Mihalis','Lowrie','M','1987-10-29'),(10185,'1959-12-05','Duro','Sidhu','F','1986-03-01'),(10186,'1953-07-16','Shigehito','Kropatsch','M','1986-03-28'),(10187,'1961-05-26','Tommaso','Narwekar','F','1991-06-01'),(10188,'1956-07-13','Christ','Muchinsky','F','1987-08-27'),(10189,'1955-11-12','Khalid','Erva','M','1989-10-05'),(10190,'1964-12-11','Arve','Fairtlough','F','1986-06-23'),(10191,'1959-04-08','Zdislav','Nastansky','M','1986-04-10'),(10192,'1960-09-16','Mohua','Falck','M','1988-06-13'),(10193,'1960-06-29','Masaru','Cheshire','M','1991-07-28'),(10194,'1954-01-29','Josyula','Hofmeyr','F','1989-05-15'),(10195,'1963-11-13','Annemarie','Redmiles','M','1985-02-15'),(10196,'1954-01-27','Marc','Hellwagner','M','1994-11-16'),(10197,'1963-08-06','Kasidit','Krzyzanowski','F','1993-11-22'),(10198,'1953-05-28','Pranav','Furedi','M','1985-08-31'),(10199,'1959-04-07','Kazuhisa','Ranta','M','1997-04-29'),(10200,'1961-12-31','Vidya','Awdeh','M','1985-10-16'),(10201,'1956-12-15','Idoia','Kavraki','F','1986-11-22'),(10202,'1956-01-05','Greger','Lichtner','M','1991-10-06'),(10203,'1955-07-27','Steen','Escriba','M','1989-04-06'),(10204,'1956-12-09','Nevio','Ritcey','F','1986-12-04'),(10205,'1953-05-20','Mabhin','Leijenhorst','F','1993-08-23'),(10206,'1960-09-19','Alassane','Iwayama','F','1988-04-19'),(10207,'1955-05-28','Girolamo','Anandan','F','1992-10-11'),(10208,'1960-01-02','Xiping','Klerer','M','1991-12-23'),(10209,'1956-12-12','Yolla','Ellozy','F','1991-11-23'),(10210,'1958-01-24','Yuping','Alpin','M','1994-05-10'),(10211,'1964-08-05','Vishu','Strehl','F','1989-11-18'),(10212,'1959-05-09','Divier','Esteva','M','1990-07-11'),(10213,'1964-05-24','Jackson','Kakkad','M','1992-11-06'),(10214,'1962-04-14','Tadahiko','Ciolek','M','1988-02-29'),(10215,'1954-04-02','Xiaobin','Duclos','M','1987-10-19'),(10216,'1958-07-16','Amstein','Ghemri','M','1987-10-30'),(10217,'1954-07-07','Yongmin','Roison','F','1986-05-12'),(10218,'1958-12-07','Zhenhua','Magalhaes','M','1997-01-15'),(10219,'1952-05-02','Genta','Kolvik','M','1993-03-31'),(10220,'1958-05-25','Kish','Fasbender','F','1992-06-25'),(10221,'1957-01-03','Yucai','Granlund','M','1988-06-08'),(10222,'1962-09-21','Tze','Nourani','M','1986-06-08'),(10223,'1963-09-17','Carrsten','Schmiedel','F','1985-11-18'),(10224,'1954-05-17','Leon','Trogemann','M','1988-01-09'),(10225,'1957-02-13','Kellie','Chinen','F','1986-06-19'),(10226,'1964-12-28','Xinglin','Plessier','M','1989-10-27'),(10227,'1957-07-04','Anneli','Kaiser','M','1994-04-24'),(10228,'1953-04-21','Karoline','Cesareni','F','1991-08-26'),(10229,'1952-02-10','Ulises','Takanami','M','1987-11-22'),(10230,'1955-09-11','Clyde','Vernadat','M','1996-06-16'),(10231,'1963-07-21','Shaowen','Desikan','F','1996-04-13'),(10232,'1956-03-11','Marko','Auria','F','1992-06-04'),(10233,'1954-04-01','Lein','Vendrig','F','1985-07-05'),(10234,'1961-01-18','Arunachalam','Bakhtari','M','1990-11-19'),(10235,'1958-03-27','Susanta','Roccetti','F','1995-04-06'),(10236,'1960-03-26','Susumu','Bade','F','1996-08-30'),(10237,'1952-09-22','Yannis','Mandell','F','1989-08-11'),(10238,'1964-11-02','Mototsugu','Gire','F','1986-11-19'),(10239,'1955-03-31','Nikolaos','Llado','F','1995-05-08'),(10240,'1952-04-01','Remko','Maccarone','M','1998-10-06'),(10241,'1958-07-01','Ortrud','Murillo','M','1988-06-12'),(10242,'1964-02-22','Lunjin','Ozeri','M','1988-01-18'),(10243,'1960-12-22','Wonhee','Pouyioutas','M','1985-11-24'),(10244,'1961-10-24','Foong','Flasterstein','M','1985-12-23'),(10245,'1962-08-23','Ramalingam','Gente','F','1985-04-26'),(10246,'1962-06-23','Basem','Teitelbaum','M','1987-07-12'),(10247,'1964-06-30','Heon','Riefers','F','1992-08-14'),(10248,'1955-09-24','Frederique','Tempesti','F','1991-08-13'),(10249,'1954-06-10','Marie','Boreale','M','1991-12-08'),(10250,'1958-08-12','Serap','Etalle','M','1992-08-30'),(10251,'1957-04-25','Alair','Rosenbaum','M','1992-06-25');
INSERT INTO DEPT_EMP (EMP_NO,DEPT_NO,FROM_DATE,TO_DATE)VALUES (10001,'d005','1986-06-26','9999-01-01'),(10002,'d007','1996-08-03','9999-01-01'),(10003,'d004','1995-12-03','9999-01-01'),(10004,'d004','1986-12-01','9999-01-01'),(10005,'d003','1989-09-12','9999-01-01'),(10006,'d005','1990-08-05','9999-01-01'),(10007,'d008','1989-02-10','9999-01-01'),(10008,'d005','1998-03-11','2000-07-31'),(10009,'d006','1985-02-18','9999-01-01'),(10010,'d004','1996-11-24','2000-06-26'),(10010,'d006','2000-06-26','9999-01-01'),(10011,'d009','1990-01-22','1996-11-09'),(10012,'d005','1992-12-18','9999-01-01'),(10013,'d003','1985-10-20','9999-01-01'),(10014,'d005','1993-12-29','9999-01-01'),(10015,'d008','1992-09-19','1993-08-22'),(10016,'d007','1998-02-11','9999-01-01'),(10017,'d001','1993-08-03','9999-01-01'),(10018,'d004','1992-07-29','9999-01-01'),(10018,'d005','1987-04-03','1992-07-29'),(10019,'d008','1999-04-30','9999-01-01'),(10020,'d004','1997-12-30','9999-01-01'),(10021,'d005','1988-02-10','2002-07-15'),(10022,'d005','1999-09-03','9999-01-01'),(10023,'d005','1999-09-27','9999-01-01'),(10024,'d004','1998-06-14','9999-01-01'),(10025,'d005','1987-08-17','1997-10-15'),(10026,'d004','1995-03-20','9999-01-01'),(10027,'d005','1995-04-02','9999-01-01'),(10028,'d005','1991-10-22','1998-04-06'),(10029,'d004','1991-09-18','1999-07-08'),(10029,'d006','1999-07-08','9999-01-01'),(10030,'d004','1994-02-17','9999-01-01'),(10031,'d005','1991-09-01','9999-01-01'),(10032,'d004','1990-06-20','9999-01-01'),(10033,'d006','1987-03-18','1993-03-24'),(10034,'d007','1995-04-12','1999-10-31'),(10035,'d004','1988-09-05','9999-01-01'),(10036,'d003','1992-04-28','9999-01-01'),(10037,'d005','1990-12-05','9999-01-01'),(10038,'d009','1989-09-20','9999-01-01'),(10039,'d003','1988-01-19','9999-01-01'),(10040,'d005','1993-02-14','2002-01-22'),(10040,'d008','2002-01-22','9999-01-01'),(10041,'d007','1989-11-12','9999-01-01'),(10042,'d002','1993-03-21','2000-08-10'),(10043,'d005','1990-10-20','9999-01-01'),(10044,'d004','1994-05-21','9999-01-01'),(10045,'d004','1996-11-16','9999-01-01'),(10046,'d008','1992-06-20','9999-01-01'),(10047,'d004','1989-03-31','9999-01-01'),(10048,'d005','1985-02-24','1987-01-27'),(10049,'d009','1992-05-04','9999-01-01'),(10050,'d002','1990-12-25','1992-11-05'),(10050,'d007','1992-11-05','9999-01-01'),(10051,'d004','1992-10-15','9999-01-01'),(10052,'d008','1997-01-31','9999-01-01'),(10053,'d007','1994-11-13','9999-01-01'),(10054,'d003','1995-07-29','9999-01-01'),(10055,'d001','1992-04-27','1995-07-22'),(10056,'d005','1990-02-01','9999-01-01'),(10057,'d005','1992-01-15','9999-01-01'),(10058,'d001','1988-04-25','9999-01-01'),(10059,'d002','1991-06-26','9999-01-01'),(10060,'d007','1989-05-28','1992-11-11'),(10060,'d009','1992-11-11','9999-01-01'),(10061,'d007','1989-12-02','9999-01-01'),(10062,'d005','1991-08-30','9999-01-01'),(10063,'d004','1989-04-08','9999-01-01'),(10064,'d008','1985-11-20','1992-03-02'),(10065,'d005','1998-05-24','9999-01-01'),(10066,'d005','1986-02-26','9999-01-01'),(10067,'d006','1987-03-04','9999-01-01'),(10068,'d007','1987-08-07','9999-01-01'),(10069,'d004','1992-06-14','9999-01-01'),(10070,'d005','1985-10-14','1995-10-18'),(10070,'d008','1995-10-18','9999-01-01'),(10071,'d003','1995-08-05','9999-01-01'),(10072,'d005','1989-05-21','9999-01-01'),(10073,'d006','1998-02-02','1998-02-22'),(10074,'d005','1990-08-13','9999-01-01'),(10075,'d005','1988-05-17','2001-01-15'),(10076,'d005','1996-07-15','9999-01-01'),(10077,'d003','1994-12-23','9999-01-01'),(10078,'d005','1994-09-29','9999-01-01'),(10079,'d005','1995-12-13','9999-01-01'),(10080,'d002','1994-09-28','1997-07-09'),(10080,'d003','1997-07-09','9999-01-01'),(10081,'d004','1986-10-30','9999-01-01'),(10082,'d008','1990-01-03','1990-01-15'),(10083,'d004','1987-03-31','9999-01-01'),(10084,'d004','1995-12-15','9999-01-01'),(10085,'d004','1994-04-09','9999-01-01'),(10086,'d003','1992-02-19','9999-01-01'),(10087,'d007','1997-05-08','2001-01-09'),(10088,'d007','1988-09-02','1992-03-21'),(10088,'d009','1992-03-21','9999-01-01'),(10089,'d007','1989-01-10','9999-01-01'),(10090,'d005','1986-03-14','1999-05-07'),(10091,'d005','1992-11-18','9999-01-01'),(10092,'d005','1996-04-22','9999-01-01'),(10093,'d007','1997-06-08','9999-01-01'),(10094,'d008','1987-04-18','1997-11-08'),(10095,'d007','1994-03-10','9999-01-01'),(10096,'d004','1999-01-23','9999-01-01'),(10097,'d008','1990-09-15','9999-01-01'),(10098,'d004','1985-05-13','1989-06-29'),(10098,'d009','1989-06-29','1992-12-11'),(10099,'d007','1988-10-18','9999-01-01'),(10100,'d003','1987-09-21','9999-01-01'),(10101,'d007','1998-10-14','2000-09-23'),(10102,'d004','1995-01-02','9999-01-01'),(10103,'d005','1998-01-12','9999-01-01'),(10104,'d008','1987-04-16','9999-01-01'),(10105,'d003','1999-05-17','2001-06-11'),(10106,'d004','1991-10-27','9999-01-01'),(10107,'d007','1999-03-30','9999-01-01'),(10108,'d001','1999-12-06','2001-10-20'),(10108,'d003','1999-03-20','1999-12-06'),(10109,'d004','1993-06-16','9999-01-01'),(10110,'d003','1986-08-22','9999-01-01'),(10111,'d006','1988-12-19','9999-01-01'),(10112,'d009','1998-05-01','9999-01-01'),(10113,'d004','1998-09-14','9999-01-01'),(10114,'d008','1992-07-17','9999-01-01'),(10115,'d009','1988-03-03','1992-05-24'),(10116,'d005','1994-02-27','1995-12-03'),(10116,'d008','1995-12-03','1998-11-01'),(10117,'d004','1992-03-19','9999-01-01'),(10118,'d005','1992-02-02','9999-01-01'),(10119,'d004','1993-12-09','1997-10-30'),(10120,'d004','1996-07-06','9999-01-01'),(10121,'d005','1989-05-03','9999-01-01'),(10122,'d005','1998-08-06','9999-01-01'),(10123,'d004','1993-01-15','9999-01-01'),(10124,'d004','1991-09-05','1999-06-06'),(10124,'d006','1999-06-06','9999-01-01'),(10125,'d007','1990-10-26','1996-03-25'),(10126,'d009','1985-09-08','9999-01-01'),(10127,'d005','1991-05-17','9999-01-01'),(10128,'d009','1988-06-06','9999-01-01'),(10129,'d005','1996-01-16','9999-01-01'),(10130,'d004','1988-06-21','9999-01-01'),(10131,'d004','1999-09-17','1999-12-06'),(10132,'d002','1997-06-18','9999-01-01'),(10133,'d004','1985-12-15','9999-01-01'),(10134,'d004','1993-12-02','9999-01-01'),(10134,'d005','1987-12-12','1993-12-02'),(10135,'d004','1990-01-04','9999-01-01'),(10136,'d007','1988-06-13','1999-09-20'),(10137,'d009','1985-02-18','9999-01-01'),(10138,'d006','1992-03-03','9999-01-01'),(10139,'d005','1998-03-15','9999-01-01'),(10140,'d001','1991-03-14','9999-01-01'),(10141,'d008','1998-07-23','9999-01-01'),(10142,'d005','1993-10-28','9999-01-01'),(10143,'d005','1988-09-30','9999-01-01'),(10144,'d002','1985-10-14','1988-09-02'),(10144,'d003','1988-09-02','1993-08-10'),(10145,'d005','1999-11-03','9999-01-01'),(10146,'d002','1988-06-28','1990-09-07'),(10147,'d002','1987-12-18','9999-01-01'),(10148,'d007','1996-07-15','9999-01-01'),(10149,'d007','1994-01-28','1996-08-27'),(10150,'d005','1986-11-16','9999-01-01'),(10151,'d007','1992-12-12','9999-01-01'),(10152,'d006','1986-01-27','1987-08-03'),(10153,'d005','2000-01-08','9999-01-01'),(10154,'d009','1996-10-23','9999-01-01'),(10155,'d004','1990-07-12','9999-01-01'),(10155,'d008','1990-01-05','1990-07-12'),(10156,'d006','1993-05-14','9999-01-01'),(10157,'d005','1997-12-10','9999-01-01'),(10158,'d004','1987-06-04','9999-01-01'),(10159,'d006','1996-06-12','9999-01-01'),(10160,'d007','1993-12-06','9999-01-01'),(10161,'d004','1991-06-09','1994-01-05'),(10162,'d004','1998-05-27','9999-01-01'),(10163,'d003','1992-02-02','9999-01-01'),(10164,'d004','1990-10-19','2000-05-31'),(10164,'d009','2000-05-31','9999-01-01'),(10165,'d002','1988-05-17','9999-01-01'),(10166,'d005','1996-09-02','9999-01-01'),(10167,'d004','1992-04-04','9999-01-01'),(10168,'d008','1986-12-06','9999-01-01'),(10169,'d005','1998-06-28','9999-01-01'),(10170,'d004','1986-01-02','1989-02-06'),(10171,'d004','1996-08-05','9999-01-01'),(10172,'d005','1998-02-04','1998-10-01'),(10172,'d008','1998-10-01','9999-01-01'),(10173,'d002','1992-03-21','9999-01-01'),(10174,'d004','1987-06-01','9999-01-01'),(10175,'d001','1988-09-24','1995-05-24'),(10176,'d009','1994-12-22','9999-01-01'),(10177,'d002','1993-02-06','1994-03-17'),(10178,'d007','1994-03-21','9999-01-01'),(10179,'d005','2000-01-25','9999-01-01'),(10180,'d002','1994-07-01','9999-01-01'),(10181,'d005','1988-06-22','9999-01-01'),(10182,'d005','1990-09-02','1999-01-05'),(10182,'d008','1999-01-05','9999-01-01'),(10183,'d009','1996-08-11','9999-01-01'),(10184,'d009','1997-12-26','9999-01-01'),(10185,'d007','1986-03-01','9999-01-01'),(10186,'d002','1996-12-25','1997-08-16'),(10187,'d002','1991-06-01','9999-01-01'),(10188,'d004','1987-08-27','9999-01-01'),(10189,'d005','1992-09-13','1993-06-29'),(10190,'d004','1986-06-23','9999-01-01'),(10191,'d005','1986-04-10','9999-01-01'),(10192,'d004','1999-08-09','9999-01-01'),(10192,'d006','1988-06-13','1999-08-09'),(10193,'d005','1996-09-21','9999-01-01'),(10194,'d002','1997-02-14','9999-01-01'),(10195,'d004','1985-02-15','2001-04-14'),(10196,'d002','1999-01-31','9999-01-01'),(10197,'d005','1994-06-28','9999-01-01'),(10198,'d005','1985-08-31','9999-01-01'),(10199,'d007','1998-02-07','9999-01-01'),(10200,'d004','1994-02-17','2000-10-03'),(10200,'d006','2000-10-03','9999-01-01'),(10201,'d005','1992-11-10','9999-01-01'),(10202,'d005','1991-10-06','9999-01-01'),(10203,'d008','1989-04-06','9999-01-01'),(10204,'d005','1998-12-18','1999-03-08'),(10205,'d004','1993-08-23','9999-01-01'),(10206,'d005','1988-04-19','9999-01-01'),(10207,'d005','1992-10-11','9999-01-01'),(10208,'d001','1995-02-05','1999-05-15'),(10209,'d002','1991-11-23','1999-08-07'),(10209,'d007','1999-08-07','9999-01-01'),(10210,'d009','1996-02-24','9999-01-01'),(10211,'d005','1991-11-22','9999-01-01'),(10212,'d005','1996-01-28','9999-01-01'),(10213,'d009','1994-10-06','9999-01-01'),(10214,'d007','1988-02-29','9999-01-01'),(10215,'d007','1991-11-23','9999-01-01'),(10216,'d008','1987-10-30','9999-01-01'),(10217,'d004','1986-05-12','1993-08-05'),(10218,'d004','1997-01-31','9999-01-01'),(10219,'d005','1994-10-23','9999-01-01'),(10219,'d009','1993-03-31','1994-10-23'),(10220,'d002','1997-09-16','9999-01-01'),(10221,'d004','1988-06-08','2000-10-04'),(10222,'d004','1986-06-08','9999-01-01'),(10223,'d005','1998-04-01','9999-01-01'),(10224,'d004','1988-01-09','9999-01-01'),(10225,'d009','1995-12-14','9999-01-01'),(10226,'d007','1996-01-29','9999-01-01'),(10227,'d005','1994-11-01','9999-01-01'),(10228,'d001','1993-01-28','9999-01-01'),(10228,'d007','1992-12-22','1993-01-28'),(10229,'d006','1996-02-20','2000-06-30'),(10230,'d008','1996-06-16','9999-01-01'),(10231,'d009','1998-09-09','9999-01-01'),(10232,'d007','1992-06-04','9999-01-01'),(10233,'d003','1994-04-29','9999-01-01'),(10234,'d007','1990-11-19','1999-08-06'),(10235,'d004','1995-04-06','9999-01-01'),(10236,'d007','1996-08-30','9999-01-01'),(10237,'d007','1989-08-11','2000-02-21'),(10238,'d005','1995-03-31','1996-05-25'),(10238,'d008','1996-05-25','9999-01-01'),(10239,'d001','1996-05-04','9999-01-01'),(10240,'d006','1998-10-06','9999-01-01'),(10241,'d002','1988-06-12','9999-01-01'),(10242,'d004','1988-01-18','9999-01-01'),(10243,'d007','1986-06-07','9999-01-01'),(10244,'d005','1999-09-16','9999-01-01'),(10245,'d008','1994-04-21','1995-02-20'),(10246,'d004','1991-02-01','9999-01-01'),(10247,'d004','1992-08-14','9999-01-01'),(10248,'d007','1991-08-13','9999-01-01'),(10249,'d005','1991-12-08','1998-04-13'),(10249,'d008','1998-04-13','9999-01-01'),(10250,'d006','1992-08-30','9999-01-01'),(10251,'d008','1992-06-25','9999-01-01');
INSERT INTO DEPT_MANAGER VALUES ('d005',10001,'1985-01-01','1991-10-01'),('d007',10002,'1991-10-01','9999-01-01'),('d003',10003,'1985-01-01','1989-12-17'),('d008',10007,'1989-12-17','9999-01-01'),('d005',10006,'1985-01-01','1992-03-21'),('d006',10009,'1992-03-21','9999-01-01');
INSERT INTO SALARIES (EMP_NO, SALARY, FROM_DATE, TO_DATE) VALUES (10001,60117,'1986-06-26','1987-06-26'),(10001,62102,'1987-06-26','1988-06-25'),(10001,66074,'1988-06-25','1989-06-25'),(10001,66596,'1989-06-25','1990-06-25'),(10001,66961,'1990-06-25','1991-06-25'),(10001,71046,'1991-06-25','1992-06-24'),(10001,74333,'1992-06-24','1993-06-24'),(10001,75286,'1993-06-24','1994-06-24'),(10001,75994,'1994-06-24','1995-06-24'),(10001,76884,'1995-06-24','1996-06-23'),(10001,80013,'1996-06-23','1997-06-23'),(10001,81025,'1997-06-23','1998-06-23'),(10001,81097,'1998-06-23','1999-06-23'),(10001,84917,'1999-06-23','2000-06-22'),(10001,85112,'2000-06-22','2001-06-22'),(10001,85097,'2001-06-22','2002-06-22'),(10001,88958,'2002-06-22','9999-01-01'),(10002,65828,'1996-08-03','1997-08-03'),(10002,65909,'1997-08-03','1998-08-03'),(10002,67534,'1998-08-03','1999-08-03'),(10002,69366,'1999-08-03','2000-08-02'),(10002,71963,'2000-08-02','2001-08-02'),(10002,72527,'2001-08-02','9999-01-01'),(10003,40006,'1995-12-03','1996-12-02'),(10003,43616,'1996-12-02','1997-12-02'),(10003,43466,'1997-12-02','1998-12-02'),(10003,43636,'1998-12-02','1999-12-02'),(10003,43478,'1999-12-02','2000-12-01'),(10003,43699,'2000-12-01','2001-12-01'),(10003,43311,'2001-12-01','9999-01-01'),(10004,40054,'1986-12-01','1987-12-01'),(10004,42283,'1987-12-01','1988-11-30'),(10004,42542,'1988-11-30','1989-11-30'),(10004,46065,'1989-11-30','1990-11-30'),(10004,48271,'1990-11-30','1991-11-30'),(10004,50594,'1991-11-30','1992-11-29'),(10004,52119,'1992-11-29','1993-11-29'),(10004,54693,'1993-11-29','1994-11-29'),(10004,58326,'1994-11-29','1995-11-29'),(10004,60770,'1995-11-29','1996-11-28'),(10004,62566,'1996-11-28','1997-11-28'),(10004,64340,'1997-11-28','1998-11-28'),(10004,67096,'1998-11-28','1999-11-28'),(10004,69722,'1999-11-28','2000-11-27'),(10004,70698,'2000-11-27','2001-11-27'),(10004,74057,'2001-11-27','9999-01-01'),(10005,78228,'1989-09-12','1990-09-12'),(10005,82621,'1990-09-12','1991-09-12'),(10005,83735,'1991-09-12','1992-09-11'),(10005,85572,'1992-09-11','1993-09-11'),(10005,85076,'1993-09-11','1994-09-11'),(10005,86050,'1994-09-11','1995-09-11'),(10005,88448,'1995-09-11','1996-09-10'),(10005,88063,'1996-09-10','1997-09-10'),(10005,89724,'1997-09-10','1998-09-10'),(10005,90392,'1998-09-10','1999-09-10'),(10005,90531,'1999-09-10','2000-09-09'),(10005,91453,'2000-09-09','2001-09-09'),(10005,94692,'2001-09-09','9999-01-01'),(10006,40000,'1990-08-05','1991-08-05'),(10006,42085,'1991-08-05','1992-08-04'),(10006,42629,'1992-08-04','1993-08-04'),(10006,45844,'1993-08-04','1994-08-04'),(10006,47518,'1994-08-04','1995-08-04'),(10006,47917,'1995-08-04','1996-08-03'),(10006,52255,'1996-08-03','1997-08-03'),(10006,53747,'1997-08-03','1998-08-03'),(10006,56032,'1998-08-03','1999-08-03'),(10006,58299,'1999-08-03','2000-08-02'),(10006,60098,'2000-08-02','2001-08-02'),(10006,59755,'2001-08-02','9999-01-01'),(10007,56724,'1989-02-10','1990-02-10'),(10007,60740,'1990-02-10','1991-02-10'),(10007,62745,'1991-02-10','1992-02-10'),(10007,63475,'1992-02-10','1993-02-09'),(10007,63208,'1993-02-09','1994-02-09'),(10007,64563,'1994-02-09','1995-02-09'),(10007,68833,'1995-02-09','1996-02-09'),(10007,70220,'1996-02-09','1997-02-08'),(10007,73362,'1997-02-08','1998-02-08'),(10007,75582,'1998-02-08','1999-02-08'),(10007,79513,'1999-02-08','2000-02-08'),(10007,80083,'2000-02-08','2001-02-07'),(10007,84456,'2001-02-07','2002-02-07'),(10007,88070,'2002-02-07','9999-01-01'),(10008,46671,'1998-03-11','1999-03-11'),(10008,48584,'1999-03-11','2000-03-10'),(10008,52668,'2000-03-10','2000-07-31'),(10009,60929,'1985-02-18','1986-02-18'),(10009,64604,'1986-02-18','1987-02-18'),(10009,64780,'1987-02-18','1988-02-18'),(10009,66302,'1988-02-18','1989-02-17'),(10009,69042,'1989-02-17','1990-02-17'),(10009,70889,'1990-02-17','1991-02-17'),(10009,71434,'1991-02-17','1992-02-17'),(10009,74612,'1992-02-17','1993-02-16'),(10009,76518,'1993-02-16','1994-02-16'),(10009,78335,'1994-02-16','1995-02-16'),(10009,80944,'1995-02-16','1996-02-16'),(10009,82507,'1996-02-16','1997-02-15'),(10009,85875,'1997-02-15','1998-02-15'),(10009,89324,'1998-02-15','1999-02-15'),(10009,90668,'1999-02-15','2000-02-15'),(10009,93507,'2000-02-15','2001-02-14'),(10009,94443,'2001-02-14','2002-02-14'),(10009,94409,'2002-02-14','9999-01-01'),(10010,72488,'1996-11-24','1997-11-24'),(10010,74347,'1997-11-24','1998-11-24'),(10010,75405,'1998-11-24','1999-11-24'),(10010,78194,'1999-11-24','2000-11-23'),(10010,79580,'2000-11-23','2001-11-23'),(10010,80324,'2001-11-23','9999-01-01'),(10011,42365,'1990-01-22','1991-01-22'),(10011,44200,'1991-01-22','1992-01-22'),(10011,48214,'1992-01-22','1993-01-21'),(10011,50927,'1993-01-21','1994-01-21'),(10011,51470,'1994-01-21','1995-01-21'),(10011,54545,'1995-01-21','1996-01-21'),(10011,56753,'1996-01-21','1996-11-09'),(10012,40000,'1992-12-18','1993-12-18'),(10012,41867,'1993-12-18','1994-12-18'),(10012,42318,'1994-12-18','1995-12-18'),(10012,44195,'1995-12-18','1996-12-17'),(10012,46460,'1996-12-17','1997-12-17'),(10012,46485,'1997-12-17','1998-12-17'),(10012,47364,'1998-12-17','1999-12-17'),(10012,51122,'1999-12-17','2000-12-16'),(10012,54794,'2000-12-16','2001-12-16'),(10012,54423,'2001-12-16','9999-01-01'),(10013,40000,'1985-10-20','1986-10-20'),(10013,40623,'1986-10-20','1987-10-20'),(10013,40561,'1987-10-20','1988-10-19'),(10013,40306,'1988-10-19','1989-10-19'),(10013,43569,'1989-10-19','1990-10-19'),(10013,46305,'1990-10-19','1991-10-19'),(10013,47118,'1991-10-19','1992-10-18'),(10013,50351,'1992-10-18','1993-10-18'),(10013,49887,'1993-10-18','1994-10-18'),(10013,53957,'1994-10-18','1995-10-18'),(10013,57590,'1995-10-18','1996-10-17'),(10013,59228,'1996-10-17','1997-10-17'),(10013,59571,'1997-10-17','1998-10-17'),(10013,63274,'1998-10-17','1999-10-17'),(10013,63352,'1999-10-17','2000-10-16'),(10013,66744,'2000-10-16','2001-10-16'),(10013,68901,'2001-10-16','9999-01-01'),(10014,46168,'1993-12-29','1994-12-29'),(10014,48242,'1994-12-29','1995-12-29'),(10014,47921,'1995-12-29','1996-12-28'),(10014,50715,'1996-12-28','1997-12-28'),(10014,53228,'1997-12-28','1998-12-28'),(10014,53962,'1998-12-28','1999-12-28'),(10014,56937,'1999-12-28','2000-12-27'),(10014,59142,'2000-12-27','2001-12-27'),(10014,60598,'2001-12-27','9999-01-01'),(10015,40000,'1992-09-19','1993-08-22'),(10016,70889,'1998-02-11','1999-02-11'),(10016,72946,'1999-02-11','2000-02-11'),(10016,76826,'2000-02-11','2001-02-10'),(10016,76381,'2001-02-10','2002-02-10'),(10016,77935,'2002-02-10','9999-01-01'),(10017,71380,'1993-08-03','1994-08-03'),(10017,75538,'1994-08-03','1995-08-03'),(10017,79510,'1995-08-03','1996-08-02'),(10017,82163,'1996-08-02','1997-08-02'),(10017,86157,'1997-08-02','1998-08-02'),(10017,89619,'1998-08-02','1999-08-02'),(10017,91985,'1999-08-02','2000-08-01'),(10017,96122,'2000-08-01','2001-08-01'),(10017,98522,'2001-08-01','2002-08-01'),(10017,99651,'2002-08-01','9999-01-01'),(10018,55881,'1987-04-03','1988-04-02'),(10018,59206,'1988-04-02','1989-04-02'),(10018,61361,'1989-04-02','1990-04-02'),(10018,61648,'1990-04-02','1991-04-02'),(10018,61217,'1991-04-02','1992-04-01'),(10018,61244,'1992-04-01','1993-04-01'),(10018,63286,'1993-04-01','1994-04-01'),(10018,65739,'1994-04-01','1995-04-01'),(10018,67519,'1995-04-01','1996-03-31'),(10018,69276,'1996-03-31','1997-03-31'),(10018,72585,'1997-03-31','1998-03-31'),(10018,72804,'1998-03-31','1999-03-31'),(10018,76957,'1999-03-31','2000-03-30'),(10018,80305,'2000-03-30','2001-03-30'),(10018,84541,'2001-03-30','2002-03-30'),(10018,84672,'2002-03-30','9999-01-01'),(10019,44276,'1999-04-30','2000-04-29'),(10019,46946,'2000-04-29','2001-04-29'),(10019,46775,'2001-04-29','2002-04-29'),(10019,50032,'2002-04-29','9999-01-01'),(10020,40000,'1997-12-30','1998-12-30'),(10020,40647,'1998-12-30','1999-12-30'),(10020,43800,'1999-12-30','2000-12-29'),(10020,44927,'2000-12-29','2001-12-29'),(10020,47017,'2001-12-29','9999-01-01'),(10021,55025,'1988-02-10','1989-02-09'),(10021,56399,'1989-02-09','1990-02-09'),(10021,59700,'1990-02-09','1991-02-09'),(10021,60851,'1991-02-09','1992-02-09'),(10021,61117,'1992-02-09','1993-02-08'),(10021,60708,'1993-02-08','1994-02-08'),(10021,63514,'1994-02-08','1995-02-08'),(10021,66249,'1995-02-08','1996-02-08'),(10021,70570,'1996-02-08','1997-02-07'),(10021,74759,'1997-02-07','1998-02-07'),(10021,77519,'1998-02-07','1999-02-07'),(10021,77237,'1999-02-07','2000-02-07'),(10021,79631,'2000-02-07','2001-02-06'),(10021,82295,'2001-02-06','2002-02-06'),(10021,84169,'2002-02-06','2002-07-15'),(10022,40000,'1999-09-03','2000-09-02'),(10022,39935,'2000-09-02','2001-09-02'),(10022,41348,'2001-09-02','9999-01-01'),(10023,47883,'1999-09-27','2000-09-26'),(10023,50319,'2000-09-26','2001-09-26'),(10023,50113,'2001-09-26','9999-01-01'),(10024,83733,'1998-06-14','1999-06-14'),(10024,86715,'1999-06-14','2000-06-13'),(10024,91067,'2000-06-13','2001-06-13'),(10024,94701,'2001-06-13','2002-06-13'),(10024,96646,'2002-06-13','9999-01-01'),(10025,40000,'1987-08-17','1988-08-16'),(10025,44416,'1988-08-16','1989-08-16'),(10025,48680,'1989-08-16','1990-08-16'),(10025,50120,'1990-08-16','1991-08-16'),(10025,50980,'1991-08-16','1992-08-15'),(10025,54459,'1992-08-15','1993-08-15'),(10025,54395,'1993-08-15','1994-08-15'),(10025,56643,'1994-08-15','1995-08-15'),(10025,57585,'1995-08-15','1996-08-14'),(10025,57110,'1996-08-14','1997-08-14'),(10025,57157,'1997-08-14','1997-10-15'),(10026,47585,'1995-03-20','1996-03-19'),(10026,51730,'1996-03-19','1997-03-19'),(10026,53682,'1997-03-19','1998-03-19'),(10026,56769,'1998-03-19','1999-03-19'),(10026,60397,'1999-03-19','2000-03-18'),(10026,64132,'2000-03-18','2001-03-18'),(10026,65415,'2001-03-18','2002-03-18'),(10026,66313,'2002-03-18','9999-01-01'),(10027,40000,'1995-04-02','1996-04-01'),(10027,39520,'1996-04-01','1997-04-01'),(10027,42382,'1997-04-01','1998-04-01'),(10027,43654,'1998-04-01','1999-04-01'),(10027,43925,'1999-04-01','2000-03-31'),(10027,45157,'2000-03-31','2001-03-31'),(10027,45771,'2001-03-31','2002-03-31'),(10027,46145,'2002-03-31','9999-01-01'),(10028,48859,'1991-10-22','1992-10-21'),(10028,50805,'1992-10-21','1993-10-21'),(10028,52082,'1993-10-21','1994-10-21'),(10028,54949,'1994-10-21','1995-10-21'),(10028,55963,'1995-10-21','1996-10-20'),(10028,57831,'1996-10-20','1997-10-20'),(10028,58502,'1997-10-20','1998-04-06'),(10029,63163,'1991-09-18','1992-09-17'),(10029,66877,'1992-09-17','1993-09-17'),(10029,69211,'1993-09-17','1994-09-17'),(10029,70624,'1994-09-17','1995-09-17'),(10029,70294,'1995-09-17','1996-09-16'),(10029,70671,'1996-09-16','1997-09-16'),(10029,73510,'1997-09-16','1998-09-16'),(10029,75773,'1998-09-16','1999-09-16'),(10029,76067,'1999-09-16','2000-09-15'),(10029,76608,'2000-09-15','2001-09-15'),(10029,77777,'2001-09-15','9999-01-01'),(10030,66956,'1994-02-17','1995-02-17'),(10030,68393,'1995-02-17','1996-02-17'),(10030,72795,'1996-02-17','1997-02-16'),(10030,76453,'1997-02-16','1998-02-16'),(10030,79290,'1998-02-16','1999-02-16'),(10030,83327,'1999-02-16','2000-02-16'),(10030,86634,'2000-02-16','2001-02-15'),(10030,87027,'2001-02-15','2002-02-15'),(10030,88806,'2002-02-15','9999-01-01'),(10031,40000,'1991-09-01','1992-08-31'),(10031,40859,'1992-08-31','1993-08-31'),(10031,41881,'1993-08-31','1994-08-31'),(10031,44191,'1994-08-31','1995-08-31'),(10031,47202,'1995-08-31','1996-08-30'),(10031,47606,'1996-08-30','1997-08-30'),(10031,50810,'1997-08-30','1998-08-30'),(10031,52675,'1998-08-30','1999-08-30'),(10031,54177,'1999-08-30','2000-08-29'),(10031,53873,'2000-08-29','2001-08-29'),(10031,56689,'2001-08-29','9999-01-01'),(10032,48426,'1990-06-20','1991-06-20'),(10032,49389,'1991-06-20','1992-06-19'),(10032,52000,'1992-06-19','1993-06-19'),(10032,53038,'1993-06-19','1994-06-19'),(10032,54336,'1994-06-19','1995-06-19'),(10032,53978,'1995-06-19','1996-06-18'),(10032,55090,'1996-06-18','1997-06-18'),(10032,57110,'1997-06-18','1998-06-18'),(10032,57926,'1998-06-18','1999-06-18'),(10032,57876,'1999-06-18','2000-06-17'),(10032,61709,'2000-06-17','2001-06-17'),(10032,65820,'2001-06-17','2002-06-17'),(10032,69539,'2002-06-17','9999-01-01'),(10033,51258,'1987-03-18','1988-03-17'),(10033,54972,'1988-03-17','1989-03-17'),(10033,55410,'1989-03-17','1990-03-17'),(10033,56095,'1990-03-17','1991-03-17'),(10033,56038,'1991-03-17','1992-03-16'),(10033,57712,'1992-03-16','1993-03-16'),(10033,60433,'1993-03-16','1993-03-24'),(10034,47561,'1995-04-12','1996-04-11'),(10034,51192,'1996-04-11','1997-04-11'),(10034,52687,'1997-04-11','1998-04-11'),(10034,53112,'1998-04-11','1999-04-11'),(10034,53164,'1999-04-11','1999-10-31'),(10035,41538,'1988-09-05','1989-09-05'),(10035,45131,'1989-09-05','1990-09-05'),(10035,45629,'1990-09-05','1991-09-05'),(10035,48360,'1991-09-05','1992-09-04'),(10035,50664,'1992-09-04','1993-09-04'),(10035,53060,'1993-09-04','1994-09-04'),(10035,56640,'1994-09-04','1995-09-04'),(10035,57621,'1995-09-04','1996-09-03'),(10035,59291,'1996-09-03','1997-09-03'),(10035,61793,'1997-09-03','1998-09-03'),(10035,62285,'1998-09-03','1999-09-03'),(10035,65332,'1999-09-03','2000-09-02'),(10035,66584,'2000-09-02','2001-09-02'),(10035,68755,'2001-09-02','9999-01-01'),(10036,42819,'1992-04-28','1993-04-28'),(10036,46756,'1993-04-28','1994-04-28'),(10036,51084,'1994-04-28','1995-04-28'),(10036,52308,'1995-04-28','1996-04-27'),(10036,53828,'1996-04-27','1997-04-27'),(10036,54408,'1997-04-27','1998-04-27'),(10036,53929,'1998-04-27','1999-04-27'),(10036,56579,'1999-04-27','2000-04-26'),(10036,60478,'2000-04-26','2001-04-26'),(10036,60520,'2001-04-26','2002-04-26'),(10036,63053,'2002-04-26','9999-01-01'),(10037,40000,'1990-12-05','1991-12-05'),(10037,39765,'1991-12-05','1992-12-04'),(10037,43565,'1992-12-04','1993-12-04'),(10037,43104,'1993-12-04','1994-12-04'),(10037,46100,'1994-12-04','1995-12-04'),(10037,49735,'1995-12-04','1996-12-03'),(10037,51775,'1996-12-03','1997-12-03'),(10037,53198,'1997-12-03','1998-12-03'),(10037,56270,'1998-12-03','1999-12-03'),(10037,59882,'1999-12-03','2000-12-02'),(10037,60992,'2000-12-02','2001-12-02'),(10037,60574,'2001-12-02','9999-01-01'),(10038,40000,'1989-09-20','1990-09-20'),(10038,43527,'1990-09-20','1991-09-20'),(10038,46509,'1991-09-20','1992-09-19'),(10038,49874,'1992-09-19','1993-09-19'),(10038,52969,'1993-09-19','1994-09-19'),(10038,56629,'1994-09-19','1995-09-19'),(10038,58079,'1995-09-19','1996-09-18'),(10038,60322,'1996-09-18','1997-09-18'),(10038,62274,'1997-09-18','1998-09-18'),(10038,62517,'1998-09-18','1999-09-18'),(10038,62458,'1999-09-18','2000-09-17'),(10038,64238,'2000-09-17','2001-09-17'),(10038,64254,'2001-09-17','9999-01-01'),(10039,40000,'1988-01-19','1989-01-18'),(10039,41525,'1989-01-18','1990-01-18'),(10039,43801,'1990-01-18','1991-01-18'),(10039,46278,'1991-01-18','1992-01-18'),(10039,45838,'1992-01-18','1993-01-17'),(10039,49155,'1993-01-17','1994-01-17'),(10039,52999,'1994-01-17','1995-01-17'),(10039,55037,'1995-01-17','1996-01-17');
INSERT INTO TITLES (EMP_NO, TITLE, FROM_DATE ,TO_DATE) VALUES (10001,'Senior Engineer','1986-06-26','9999-01-01'),(10002,'Staff','1996-08-03','9999-01-01'),(10003,'Senior Engineer','1995-12-03','9999-01-01'),(10004,'Engineer','1986-12-01','1995-12-01'),(10004,'Senior Engineer','1995-12-01','9999-01-01'),(10005,'Senior Staff','1996-09-12','9999-01-01'),(10005,'Staff','1989-09-12','1996-09-12'),(10006,'Senior Engineer','1990-08-05','9999-01-01'),(10007,'Senior Staff','1996-02-11','9999-01-01'),(10007,'Staff','1989-02-10','1996-02-11'),(10008,'Assistant Engineer','1998-03-11','2000-07-31'),(10009,'Assistant Engineer','1985-02-18','1990-02-18'),(10009,'Engineer','1990-02-18','1995-02-18'),(10009,'Senior Engineer','1995-02-18','9999-01-01'),(10010,'Engineer','1996-11-24','9999-01-01'),(10011,'Staff','1990-01-22','1996-11-09'),(10012,'Engineer','1992-12-18','2000-12-18'),(10012,'Senior Engineer','2000-12-18','9999-01-01'),(10013,'Senior Staff','1985-10-20','9999-01-01'),(10014,'Engineer','1993-12-29','9999-01-01'),(10015,'Senior Staff','1992-09-19','1993-08-22'),(10016,'Staff','1998-02-11','9999-01-01'),(10017,'Senior Staff','2000-08-03','9999-01-01'),(10017,'Staff','1993-08-03','2000-08-03'),(10018,'Engineer','1987-04-03','1995-04-03'),(10018,'Senior Engineer','1995-04-03','9999-01-01'),(10019,'Staff','1999-04-30','9999-01-01'),(10020,'Engineer','1997-12-30','9999-01-01'),(10021,'Technique Leader','1988-02-10','2002-07-15'),(10022,'Engineer','1999-09-03','9999-01-01'),(10023,'Engineer','1999-09-27','9999-01-01'),(10024,'Assistant Engineer','1998-06-14','9999-01-01'),(10025,'Technique Leader','1987-08-17','1997-10-15'),(10026,'Engineer','1995-03-20','2001-03-19'),(10026,'Senior Engineer','2001-03-19','9999-01-01'),(10027,'Engineer','1995-04-02','2001-04-01'),(10027,'Senior Engineer','2001-04-01','9999-01-01'),(10028,'Engineer','1991-10-22','1998-04-06'),(10029,'Engineer','1991-09-18','2000-09-17'),(10029,'Senior Engineer','2000-09-17','9999-01-01'),(10030,'Engineer','1994-02-17','2001-02-17'),(10030,'Senior Engineer','2001-02-17','9999-01-01'),(10031,'Engineer','1991-09-01','1998-09-01'),(10031,'Senior Engineer','1998-09-01','9999-01-01'),(10032,'Engineer','1990-06-20','1995-06-20'),(10032,'Senior Engineer','1995-06-20','9999-01-01'),(10033,'Technique Leader','1987-03-18','1993-03-24'),(10034,'Staff','1995-04-12','1999-10-31'),(10035,'Engineer','1988-09-05','1996-09-05'),(10035,'Senior Engineer','1996-09-05','9999-01-01'),(10036,'Senior Staff','1992-04-28','9999-01-01'),(10037,'Engineer','1990-12-05','1995-12-05'),(10037,'Senior Engineer','1995-12-05','9999-01-01'),(10038,'Senior Staff','1996-09-20','9999-01-01'),(10038,'Staff','1989-09-20','1996-09-20'),(10039,'Senior Staff','1997-01-18','9999-01-01'),(10039,'Staff','1988-01-19','1997-01-18'),(10040,'Engineer','1993-02-14','1999-02-14'),(10040,'Senior Engineer','1999-02-14','9999-01-01'),(10041,'Senior Staff','1998-11-12','9999-01-01'),(10041,'Staff','1989-11-12','1998-11-12'),(10042,'Senior Staff','2000-03-21','2000-08-10'),(10042,'Staff','1993-03-21','2000-03-21'),(10043,'Engineer','1990-10-20','1997-10-20'),(10043,'Senior Engineer','1997-10-20','9999-01-01'),(10044,'Technique Leader','1994-05-21','9999-01-01'),(10045,'Engineer','1996-11-16','9999-01-01'),(10046,'Senior Staff','2000-06-20','9999-01-01'),(10046,'Staff','1992-06-20','2000-06-20'),(10047,'Engineer','1989-03-31','1998-03-31'),(10047,'Senior Engineer','1998-03-31','9999-01-01'),(10048,'Engineer','1985-02-24','1987-01-27'),(10049,'Senior Staff','2000-05-04','9999-01-01'),(10049,'Staff','1992-05-04','2000-05-04'),(10050,'Senior Staff','1999-12-25','9999-01-01'),(10050,'Staff','1990-12-25','1999-12-25'),(10051,'Engineer','1992-10-15','1998-10-15'),(10051,'Senior Engineer','1998-10-15','9999-01-01'),(10052,'Senior Staff','2002-01-31','9999-01-01'),(10052,'Staff','1997-01-31','2002-01-31'),(10053,'Senior Staff','1994-11-13','9999-01-01'),(10054,'Senior Staff','2000-07-28','9999-01-01'),(10054,'Staff','1995-07-29','2000-07-28'),(10055,'Staff','1992-04-27','1995-07-22'),(10056,'Engineer','1990-02-01','1999-02-01'),(10056,'Senior Engineer','1999-02-01','9999-01-01'),(10057,'Engineer','1992-01-15','2000-01-15'),(10057,'Senior Engineer','2000-01-15','9999-01-01'),(10058,'Senior Staff','1988-04-25','9999-01-01'),(10059,'Senior Staff','1991-06-26','9999-01-01'),(10060,'Senior Staff','1996-05-28','9999-01-01'),(10060,'Staff','1989-05-28','1996-05-28'),(10061,'Senior Staff','1989-12-02','9999-01-01'),(10062,'Engineer','1991-08-30','1999-08-30'),(10062,'Senior Engineer','1999-08-30','9999-01-01'),(10063,'Senior Engineer','1989-04-08','9999-01-01'),(10064,'Staff','1985-11-20','1992-03-02'),(10065,'Engineer','1998-05-24','9999-01-01'),(10066,'Assistant Engineer','1986-02-26','1992-02-26'),(10066,'Engineer','1992-02-26','1998-02-25'),(10066,'Senior Engineer','1998-02-25','9999-01-01'),(10067,'Engineer','1987-03-04','1996-03-03'),(10067,'Senior Engineer','1996-03-03','9999-01-01'),(10068,'Senior Staff','1996-08-06','9999-01-01'),(10068,'Staff','1987-08-07','1996-08-06'),(10069,'Technique Leader','1992-06-14','9999-01-01'),(10070,'Technique Leader','1985-10-14','9999-01-01'),(10071,'Staff','1995-08-05','9999-01-01'),(10072,'Engineer','1989-05-21','1995-05-21'),(10072,'Senior Engineer','1995-05-21','9999-01-01'),(10073,'Engineer','1998-02-02','1998-02-22'),(10074,'Technique Leader','1990-08-13','9999-01-01'),(10075,'Senior Engineer','1988-05-17','2001-01-15'),(10076,'Senior Engineer','1996-07-15','9999-01-01'),(10077,'Staff','1994-12-23','9999-01-01'),(10078,'Engineer','1994-09-29','9999-01-01'),(10079,'Technique Leader','1995-12-13','9999-01-01'),(10080,'Senior Staff','2001-09-28','9999-01-01'),(10080,'Staff','1994-09-28','2001-09-28'),(10081,'Engineer','1986-10-30','1991-10-30'),(10081,'Senior Engineer','1991-10-30','9999-01-01'),(10082,'Staff','1990-01-03','1990-01-15'),(10083,'Engineer','1987-03-31','1994-03-31'),(10083,'Senior Engineer','1994-03-31','9999-01-01'),(10084,'Engineer','1995-12-15','2001-12-14'),(10084,'Senior Engineer','2001-12-14','9999-01-01'),(10085,'Senior Engineer','1994-04-09','9999-01-01'),(10086,'Senior Staff','1999-02-19','9999-01-01'),(10086,'Staff','1992-02-19','1999-02-19'),(10087,'Staff','1997-05-08','2001-01-09'),(10088,'Senior Staff','1993-09-02','9999-01-01'),(10088,'Staff','1988-09-02','1993-09-02'),(10089,'Senior Staff','1996-01-11','9999-01-01'),(10089,'Staff','1989-01-10','1996-01-11'),(10090,'Senior Engineer','1986-03-14','1999-05-07'),(10091,'Engineer','1992-11-18','2001-11-18'),(10091,'Senior Engineer','2001-11-18','9999-01-01'),(10092,'Engineer','1996-04-22','9999-01-01'),(10093,'Staff','1997-06-08','9999-01-01'),(10094,'Senior Staff','1987-04-18','1997-11-08'),(10095,'Senior Staff','2000-03-09','9999-01-01'),(10095,'Staff','1994-03-10','2000-03-09'),(10096,'Engineer','1999-01-23','9999-01-01'),(10097,'Senior Staff','1996-09-14','9999-01-01'),(10097,'Staff','1990-09-15','1996-09-14'),(10098,'Engineer','1985-05-13','1992-05-13'),(10098,'Senior Engineer','1992-05-13','1992-12-11'),(10099,'Senior Staff','1995-10-19','9999-01-01'),(10099,'Staff','1988-10-18','1995-10-19'),(10100,'Senior Staff','1994-09-21','9999-01-01'),(10100,'Staff','1987-09-21','1994-09-21'),(10101,'Staff','1998-10-14','2000-09-23'),(10102,'Assistant Engineer','1995-01-02','2002-01-02'),(10102,'Engineer','2002-01-02','9999-01-01'),(10103,'Engineer','1998-01-12','9999-01-01'),(10104,'Senior Staff','1987-04-16','9999-01-01'),(10105,'Staff','1999-05-17','2001-06-11'),(10106,'Engineer','1991-10-27','1997-10-26'),(10106,'Senior Engineer','1997-10-26','9999-01-01'),(10107,'Senior Staff','1999-03-30','9999-01-01'),(10108,'Staff','1999-03-20','2001-10-20'),(10109,'Engineer','1993-06-16','2001-06-16'),(10109,'Senior Engineer','2001-06-16','9999-01-01'),(10110,'Senior Staff','1992-08-21','9999-01-01'),(10110,'Staff','1986-08-22','1992-08-21'),(10111,'Engineer','1988-12-19','1996-12-19'),(10111,'Senior Engineer','1996-12-19','9999-01-01'),(10112,'Staff','1998-05-01','9999-01-01'),(10113,'Engineer','1998-09-14','9999-01-01'),(10114,'Senior Staff','1999-07-18','9999-01-01'),(10114,'Staff','1992-07-17','1999-07-18'),(10115,'Staff','1988-03-03','1992-05-24'),(10116,'Senior Engineer','1994-02-27','1998-11-01'),(10117,'Senior Engineer','1992-03-19','9999-01-01'),(10118,'Senior Engineer','1992-02-02','9999-01-01'),(10119,'Engineer','1993-12-09','1997-10-30'),(10120,'Engineer','1996-07-06','9999-01-01'),(10121,'Engineer','1989-05-03','1996-05-03'),(10121,'Senior Engineer','1996-05-03','9999-01-01'),(10122,'Technique Leader','1998-08-06','9999-01-01'),(10123,'Assistant Engineer','1993-01-15','1999-01-15'),(10123,'Engineer','1999-01-15','9999-01-01'),(10124,'Engineer','1991-09-05','1998-09-05'),(10124,'Senior Engineer','1998-09-05','9999-01-01'),(10125,'Staff','1990-10-26','1996-03-25'),(10126,'Senior Staff','1991-09-08','9999-01-01'),(10126,'Staff','1985-09-08','1991-09-08'),(10127,'Senior Engineer','1991-05-17','9999-01-01'),(10128,'Senior Staff','1995-06-07','9999-01-01'),(10128,'Staff','1988-06-06','1995-06-07'),(10129,'Technique Leader','1996-01-16','9999-01-01'),(10130,'Senior Engineer','1988-06-21','9999-01-01'),(10131,'Engineer','1999-09-17','1999-12-06'),(10132,'Staff','1997-06-18','9999-01-01'),(10133,'Engineer','1985-12-15','1991-12-15'),(10133,'Senior Engineer','1991-12-15','9999-01-01'),(10134,'Engineer','1987-12-12','1994-12-12'),(10134,'Senior Engineer','1994-12-12','9999-01-01'),(10135,'Assistant Engineer','1990-01-04','1999-01-04'),(10135,'Engineer','1999-01-04','9999-01-01'),(10136,'Senior Staff','1997-06-13','1999-09-20'),(10136,'Staff','1988-06-13','1997-06-13'),(10137,'Senior Staff','1994-02-18','9999-01-01'),(10137,'Staff','1985-02-18','1994-02-18'),(10138,'Engineer','1992-03-03','2001-03-03'),(10138,'Senior Engineer','2001-03-03','9999-01-01'),(10139,'Engineer','1998-03-15','9999-01-01'),(10140,'Senior Staff','1998-03-14','9999-01-01'),(10140,'Staff','1991-03-14','1998-03-14'),(10141,'Senior Staff','1998-07-23','9999-01-01'),(10142,'Engineer','1993-10-28','2001-10-28'),(10142,'Senior Engineer','2001-10-28','9999-01-01'),(10143,'Engineer','1988-09-30','1993-09-30'),(10143,'Senior Engineer','1993-09-30','9999-01-01'),(10144,'Senior Staff','1992-10-14','1993-08-10'),(10144,'Staff','1985-10-14','1992-10-14'),(10145,'Engineer','1999-11-03','9999-01-01'),(10146,'Staff','1988-06-28','1990-09-07'),(10147,'Senior Staff','1995-12-18','9999-01-01'),(10147,'Staff','1987-12-18','1995-12-18'),(10148,'Staff','1996-07-15','9999-01-01'),(10149,'Staff','1994-01-28','1996-08-27'),(10150,'Engineer','1986-11-16','1995-11-16'),(10150,'Senior Engineer','1995-11-16','9999-01-01'),(10151,'Senior Staff','1997-12-12','9999-01-01'),(10151,'Staff','1992-12-12','1997-12-12'),(10152,'Engineer','1986-01-27','1987-08-03'),(10153,'Assistant Engineer','2000-01-08','9999-01-01'),(10154,'Staff','1996-10-23','9999-01-01'),(10155,'Senior Staff','1996-01-05','9999-01-01'),(10155,'Staff','1990-01-05','1996-01-05'),(10156,'Engineer','1993-05-14','2001-05-14'),(10156,'Senior Engineer','2001-05-14','9999-01-01'),(10157,'Senior Engineer','1997-12-10','9999-01-01'),(10158,'Engineer','1987-06-04','1996-06-03'),(10158,'Senior Engineer','1996-06-03','9999-01-01'),(10159,'Senior Engineer','1996-06-12','9999-01-01'),(10160,'Senior Staff','2000-12-06','9999-01-01'),(10160,'Staff','1993-12-06','2000-12-06'),(10161,'Engineer','1991-06-09','1994-01-05'),(10162,'Engineer','1998-05-27','9999-01-01'),(10163,'Senior Staff','1992-02-02','9999-01-01'),(10164,'Engineer','1990-10-19','1999-10-19'),(10164,'Senior Engineer','1999-10-19','9999-01-01'),(10165,'Senior Staff','1988-05-17','9999-01-01'),(10166,'Engineer','1996-09-02','9999-01-01'),(10167,'Engineer','1992-04-04','2001-04-04'),(10167,'Senior Engineer','2001-04-04','9999-01-01'),(10168,'Senior Staff','1995-12-06','9999-01-01'),(10168,'Staff','1986-12-06','1995-12-06'),(10169,'Engineer','1998-06-28','9999-01-01'),(10170,'Engineer','1986-01-02','1989-02-06'),(10171,'Technique Leader','1996-08-05','9999-01-01'),(10172,'Engineer','1998-02-04','9999-01-01'),(10173,'Senior Staff','1999-03-22','9999-01-01'),(10173,'Staff','1992-03-21','1999-03-22'),(10174,'Engineer','1987-06-01','1995-06-01'),(10174,'Senior Engineer','1995-06-01','9999-01-01'),(10175,'Staff','1988-09-24','1995-05-24'),(10176,'Senior Staff','1999-12-22','9999-01-01'),(10176,'Staff','1994-12-22','1999-12-22'),(10177,'Staff','1993-02-06','1994-03-17'),(10178,'Staff','1994-03-21','9999-01-01'),(10179,'Engineer','2000-01-25','9999-01-01'),(10180,'Senior Staff','2002-07-01','9999-01-01'),(10180,'Staff','1994-07-01','2002-07-01'),(10181,'Senior Engineer','1988-06-22','9999-01-01'),(10182,'Engineer','1990-09-02','1995-09-02'),(10182,'Senior Engineer','1995-09-02','9999-01-01'),(10183,'Staff','1996-08-11','9999-01-01'),(10184,'Staff','1997-12-26','9999-01-01'),(10185,'Senior Staff','1992-02-29','9999-01-01'),(10185,'Staff','1986-03-01','1992-02-29'),(10186,'Staff','1996-12-25','1997-08-16'),(10187,'Senior Staff','2000-05-31','9999-01-01'),(10187,'Staff','1991-06-01','2000-05-31'),(10188,'Senior Engineer','1987-08-27','9999-01-01'),(10189,'Engineer','1992-09-13','1993-06-29'),(10190,'Engineer','1986-06-23','1994-06-23'),(10190,'Senior Engineer','1994-06-23','9999-01-01'),(10191,'Senior Engineer','1986-04-10','9999-01-01'),(10192,'Engineer','1988-06-13','1993-06-13'),(10192,'Senior Engineer','1993-06-13','9999-01-01'),(10193,'Engineer','1996-09-21','9999-01-01'),(10194,'Senior Staff','2002-02-14','9999-01-01'),(10194,'Staff','1997-02-14','2002-02-14'),(10195,'Engineer','1985-02-15','1991-02-15'),(10195,'Senior Engineer','1991-02-15','2001-04-14'),(10196,'Staff','1999-01-31','9999-01-01'),(10197,'Engineer','1994-06-28','2001-06-28'),(10197,'Senior Engineer','2001-06-28','9999-01-01'),(10198,'Engineer','1985-08-31','1993-08-31'),(10198,'Senior Engineer','1993-08-31','9999-01-01'),(10199,'Staff','1998-02-07','9999-01-01'),(10200,'Engineer','1994-02-17','2000-02-17'),(10200,'Senior Engineer','2000-02-17','9999-01-01'),(10201,'Engineer','1992-11-10','1998-11-10'),(10201,'Senior Engineer','1998-11-10','9999-01-01'),(10202,'Engineer','1991-10-06','2000-10-05'),(10202,'Senior Engineer','2000-10-05','9999-01-01'),(10203,'Senior Staff','1995-04-06','9999-01-01'),(10203,'Staff','1989-04-06','1995-04-06'),(10204,'Engineer','1998-12-18','1999-03-08'),(10205,'Senior Engineer','1993-08-23','9999-01-01'),(10206,'Technique Leader','1988-04-19','9999-01-01'),(10207,'Engineer','1992-10-11','1997-10-11'),(10207,'Senior Engineer','1997-10-11','9999-01-01'),(10208,'Staff','1995-02-05','1999-05-15'),(10209,'Senior Staff','1997-11-22','9999-01-01'),(10209,'Staff','1991-11-23','1997-11-22'),(10210,'Senior Staff','2002-02-23','9999-01-01'),(10210,'Staff','1996-02-24','2002-02-23'),(10211,'Engineer','1991-11-22','1996-11-21'),(10211,'Senior Engineer','1996-11-21','9999-01-01'),(10212,'Engineer','1996-01-28','2001-01-27'),(10212,'Senior Engineer','2001-01-27','9999-01-01');
*/